<?xml version="1.0" encoding="UTF-8"?>

<RECHNUNGEN
xmlns:xsi="http://www.w3.org/2001/XMLSchema-instance"
xmlns="http://www.example.org/Rechneruebung5"
xsi:schemaLocation="http://www.example.org/Rechneruebung5 Rechneruebung5.xsd">


	<RECHNUNG>
		<NAME_UND_ANSCHRIFT_LEISTENDER_UNTERNEHMER>
			<NAME>Kleintier Meier GmbH</NAME>
			<STRASSE>Meierring 3</STRASSE>
			<ADRESSE>81828 Machthausen</ADRESSE>
			<TELEFONNUMMER>0777987987</TELEFONNUMMER>				<!-- Optionales element -->
			<FAX>0777987789</FAX>									<!-- Optionales element -->
			<E-MAIL_ADRESSE>klein.meier@tiere.de</E-MAIL_ADRESSE> 	<!-- Optionales element -->
		</NAME_UND_ANSCHRIFT_LEISTENDER_UNTERNEHMER>
		<NAME_UND_ANSCHRIFT_LEISTUNGSEMPFAENGER>
			<ANREDE>Frau</ANREDE>									<!-- Optionales element -->
			<NAME>Sybille Sonder-Suttelrau</NAME>
			<STRASSE>Am Süttelbach 17</STRASSE>
			<ADRESSE>77070 Siedelsuderstadt</ADRESSE>
		</NAME_UND_ANSCHRIFT_LEISTUNGSEMPFAENGER>
		<LEISTUNGEN> 												<!-- mindestens eine Leistung -->
			<LEISTUNG MEHRWERTSTEUER="19%">
				<NUMMER>1</NUMMER>
				<EINZELPREIS>1.5</EINZELPREIS>
				<WAEHRUNG>EUR</WAEHRUNG>
				<HANDELSUEBLICHER_NAME>Antike Holzwürmer</HANDELSUEBLICHER_NAME>
				<ANZAHL>100</ANZAHL>								<!-- optionales element -->
				<GESAMTPREIS>150</GESAMTPREIS>
				<DATUM>2017-01-01</DATUM> 							<!-- Optionales element -->
			</LEISTUNG>
			<LEISTUNG MEHRWERTSTEUER="19%">
				<NUMMER>2</NUMMER>
				<EINZELPREIS>34.45</EINZELPREIS>
				<WAEHRUNG>EUR</WAEHRUNG>
				<HANDELSUEBLICHER_NAME>Holzwurmfutter</HANDELSUEBLICHER_NAME>
				<ANZAHL>1</ANZAHL>
				<GESAMTPREIS>34.45</GESAMTPREIS>
				<DATUM>2017-01-12</DATUM>
			</LEISTUNG>
			<LEISTUNG MEHRWERTSTEUER="19%">
				<NUMMER>3</NUMMER>
				<EINZELPREIS>777.77</EINZELPREIS>
				<WAEHRUNG>EUR</WAEHRUNG>
				<HANDELSUEBLICHER_NAME>Steinlaus, Petrophaga lorioti</HANDELSUEBLICHER_NAME>
				<ANZAHL>1</ANZAHL>
				<GESAMTPREIS>777.77</GESAMTPREIS>
				<DATUM>2017-01-12</DATUM>
			</LEISTUNG>
		</LEISTUNGEN>
		<STEUERNUMMER>
			<STEUERNUMMER_UNTERNEHMER>8812382822</STEUERNUMMER_UNTERNEHMER>
		</STEUERNUMMER>
		<AUSSTELLUNGSDATUM>2017-01-15</AUSSTELLUNGSDATUM>
		<RECHNUNGSNUMMER>657321</RECHNUNGSNUMMER>
		<ENTGELD_IN_EURO>962.22</ENTGELD_IN_EURO>
		<ZAHLUNGSMOEGLICHKEITEN>
			<DEUTSCHLANDINTERN>
				<KONTOINHABER>Kleintier Meier</KONTOINHABER>
				<BANK>Sparkasse Karlsruhe</BANK>
				<KONTONUMMER>987654321</KONTONUMMER>
				<BLZ>66050101</BLZ>
			</DEUTSCHLANDINTERN>
		</ZAHLUNGSMOEGLICHKEITEN>
	</RECHNUNG>
	<RECHNUNG>
		<NAME_UND_ANSCHRIFT_LEISTENDER_UNTERNEHMER>
			<NAME>Rochade-La Hoff Pharma GmbH</NAME>
			<STRASSE>An der Chemie 17</STRASSE>
			<ADRESSE>79639 Grenzych-Wahlen</ADRESSE>
			<TELEFONNUMMER>07624666333999</TELEFONNUMMER>
			<FAX>07624666333990</FAX>
		</NAME_UND_ANSCHRIFT_LEISTENDER_UNTERNEHMER>
		<NAME_UND_ANSCHRIFT_LEISTUNGSEMPFAENGER>
			<ANREDE>Herr</ANREDE>
			<NAME>Dr. med. Cyprian Zottel</NAME>
			<STRASSE>Soddelstrudel 5a</STRASSE>
			<ADRESSE>13023 Zotenheim</ADRESSE>
		</NAME_UND_ANSCHRIFT_LEISTUNGSEMPFAENGER>
		<LEISTUNGEN>
			<LEISTUNG MEHRWERTSTEUER="19%">
				<NUMMER>1</NUMMER>
				<EINZELPREIS>120</EINZELPREIS>
				<WAEHRUNG>EUR</WAEHRUNG>
				<HANDELSUEBLICHER_NAME>Grippemittel "Tumifla"</HANDELSUEBLICHER_NAME>
				<ANZAHL>3</ANZAHL>
				<GESAMTPREIS>360</GESAMTPREIS>
			</LEISTUNG>
			<LEISTUNG MEHRWERTSTEUER="19%">
				<NUMMER>2</NUMMER>
				<EINZELPREIS>50</EINZELPREIS>
				<WAEHRUNG>EUR</WAEHRUNG>
				<HANDELSUEBLICHER_NAME>Beratung pauschal</HANDELSUEBLICHER_NAME>
				<ANZAHL>1</ANZAHL>
				<GESAMTPREIS>50</GESAMTPREIS>
			</LEISTUNG>
			<LEISTUNG MEHRWERTSTEUER="19%">
				<NUMMER>3</NUMMER>
				<EINZELPREIS>99.99</EINZELPREIS>
				<WAEHRUNG>EUR</WAEHRUNG>
				<HANDELSUEBLICHER_NAME>Abführmittel "Wech damit"</HANDELSUEBLICHER_NAME>
				<ANZAHL>2</ANZAHL>
				<GESAMTPREIS>199.98</GESAMTPREIS>
			</LEISTUNG>
			<LEISTUNG MEHRWERTSTEUER="7%">
				<NUMMER>4</NUMMER>
				<EINZELPREIS>5.98</EINZELPREIS>
				<WAEHRUNG>EUR</WAEHRUNG>
				<HANDELSUEBLICHER_NAME>Energieriegel "Satto"</HANDELSUEBLICHER_NAME>
				<ANZAHL>2</ANZAHL>
				<GESAMTPREIS>11.96</GESAMTPREIS>
			</LEISTUNG>
		</LEISTUNGEN>
		<STEUERNUMMER>
			<UMSATZSTEUER-IDENTIFIKATIONSNUMMER>DE333666999</UMSATZSTEUER-IDENTIFIKATIONSNUMMER>
		</STEUERNUMMER>
		<AUSSTELLUNGSDATUM>2017-08-08</AUSSTELLUNGSDATUM>
		<RECHNUNGSNUMMER>98-798-7987</RECHNUNGSNUMMER>
		<ENTGELD_IN_EURO>621.94</ENTGELD_IN_EURO>
		<ZAHLUNGSMOEGLICHKEITEN>
			<DEUTSCHLANDINTERN>
				<BANK>Deutsche Bank Lörrach</BANK>
				<BIC>DEUTDE6F683</BIC>
				<IBAN>DE18683700340999666333</IBAN>
			</DEUTSCHLANDINTERN>
		</ZAHLUNGSMOEGLICHKEITEN>
	</RECHNUNG>
	<RECHNUNG>
		<NAME_UND_ANSCHRIFT_LEISTENDER_UNTERNEHMER>
			<NAME>Bestattungen Unterberg</NAME>
			<STRASSE>Oberbergweg 5</STRASSE>
			<ADRESSE>43210 Ultursingen</ADRESSE>
			<TELEFONNUMMER>0478777555</TELEFONNUMMER>
			<E-MAIL_ADRESSE>unter@berg.de</E-MAIL_ADRESSE>
		</NAME_UND_ANSCHRIFT_LEISTENDER_UNTERNEHMER>
		<NAME_UND_ANSCHRIFT_LEISTUNGSEMPFAENGER>
			<ANREDE>Familie</ANREDE>
			<NAME>Urmel</NAME>
			<STRASSE>Ulturenstrasse 764</STRASSE>
			<ADRESSE>43210 Ultursingen</ADRESSE>
		</NAME_UND_ANSCHRIFT_LEISTUNGSEMPFAENGER>
		<LEISTUNGEN>
			<LEISTUNG MEHRWERTSTEUER="19%">
				<NUMMER>1</NUMMER>
				<EINZELPREIS>299.99</EINZELPREIS>
				<WAEHRUNG>EUR</WAEHRUNG>
				<HANDELSUEBLICHER_NAME>Urne, Eiche massiv</HANDELSUEBLICHER_NAME>
				<ANZAHL>1</ANZAHL>
				<GESAMTPREIS>299.99</GESAMTPREIS>
			</LEISTUNG>
			<LEISTUNG MEHRWERTSTEUER="19%">
				<NUMMER>2</NUMMER>
				<EINZELPREIS>349</EINZELPREIS>
				<WAEHRUNG>EUR</WAEHRUNG>
				<HANDELSUEBLICHER_NAME>Ueberfuehrung Krematorium Feuerbach inkl. Begleitpersonal</HANDELSUEBLICHER_NAME>
				<ANZAHL>1</ANZAHL>
				<GESAMTPREIS>349</GESAMTPREIS>
			</LEISTUNG>
			<LEISTUNG MEHRWERTSTEUER="19%">
				<NUMMER>3</NUMMER>
				<EINZELPREIS>149.50</EINZELPREIS>
				<WAEHRUNG>EUR</WAEHRUNG>
				<HANDELSUEBLICHER_NAME>Dekoration</HANDELSUEBLICHER_NAME>
				<ANZAHL>1</ANZAHL>
				<GESAMTPREIS>149.50</GESAMTPREIS>
			</LEISTUNG>
			<LEISTUNG MEHRWERTSTEUER="19%">
				<NUMMER>4</NUMMER>
				<EINZELPREIS>2</EINZELPREIS>
				<WAEHRUNG>EUR</WAEHRUNG>
				<HANDELSUEBLICHER_NAME>Trauerkarten inkl. Briefmarken</HANDELSUEBLICHER_NAME>
				<ANZAHL>40</ANZAHL>
				<GESAMTPREIS>80</GESAMTPREIS>
			</LEISTUNG>
		</LEISTUNGEN>
		<STEUERNUMMER>
			<UMSATZSTEUER-IDENTIFIKATIONSNUMMER>DE987654321</UMSATZSTEUER-IDENTIFIKATIONSNUMMER>
		</STEUERNUMMER>
		<AUSSTELLUNGSDATUM>2017-10-19</AUSSTELLUNGSDATUM>
		<RECHNUNGSNUMMER>89321311</RECHNUNGSNUMMER>
		<ENTGELD_IN_EURO>878.49</ENTGELD_IN_EURO>
		<ZAHLUNGSMOEGLICHKEITEN>
			<DEUTSCHLANDINTERN>
				<IBAN>DE16660501010077889911</IBAN>
			</DEUTSCHLANDINTERN>
			<AUSSERHALB_DEUTSCHLANDS>
				<KONTONUMMER>75847683</KONTONUMMER>
				<BIC>UBSWCHZH80H</BIC>
			</AUSSERHALB_DEUTSCHLANDS>
			<KRYPTOWAEHRUNG>
				<BITCOIN_ADRESSE>1P82rBiJHDFSav2QrKx1bvdDRVh5QnGkkZ</BITCOIN_ADRESSE>
			</KRYPTOWAEHRUNG>
		</ZAHLUNGSMOEGLICHKEITEN>
	</RECHNUNG>
	<RECHNUNG>
		<NAME_UND_ANSCHRIFT_LEISTENDER_UNTERNEHMER>
			<NAME>Weinhandel von Langres</NAME>
			<STRASSE>Emilianigasse 19</STRASSE>
			<ADRESSE>86866 Mickhausen</ADRESSE>
		</NAME_UND_ANSCHRIFT_LEISTENDER_UNTERNEHMER>
		<NAME_UND_ANSCHRIFT_LEISTUNGSEMPFAENGER>
			<ANREDE>Seine Exzellenz der Hochwürdigste Herr Erzbischof</ANREDE>
			<NAME>Waldus Mikksa</NAME>
			<STRASSE>Fronhof 4</STRASSE>
			<ADRESSE>86152 Augsburg</ADRESSE>
		</NAME_UND_ANSCHRIFT_LEISTUNGSEMPFAENGER>
		<LEISTUNGEN>
			<LEISTUNG MEHRWERTSTEUER="19%">
				<NUMMER>1</NUMMER>
				<EINZELPREIS>2299.98</EINZELPREIS>
				<WAEHRUNG>EUR</WAEHRUNG>
				<HANDELSUEBLICHER_NAME>"Liebliche Gottesmilbe"</HANDELSUEBLICHER_NAME>
				<ANZAHL>1</ANZAHL>
				<GESAMTPREIS>2299.98</GESAMTPREIS>
			</LEISTUNG> 
			<LEISTUNG MEHRWERTSTEUER="19%">
				<NUMMER>2</NUMMER>
				<EINZELPREIS>0.599</EINZELPREIS>
				<WAEHRUNG>EUR</WAEHRUNG>
				<HANDELSUEBLICHER_NAME>Standardweingläser "Schluck"</HANDELSUEBLICHER_NAME>
				<ANZAHL>100</ANZAHL>
				<GESAMTPREIS>59.90</GESAMTPREIS>
			</LEISTUNG>
		</LEISTUNGEN>
		<STEUERNUMMER>
			<UMSATZSTEUER-IDENTIFIKATIONSNUMMER>DE123456789</UMSATZSTEUER-IDENTIFIKATIONSNUMMER>
		</STEUERNUMMER>
		<AUSSTELLUNGSDATUM>2009-07-11</AUSSTELLUNGSDATUM>
		<RECHNUNGSNUMMER>611-555-32</RECHNUNGSNUMMER>
		<ENTGELD_IN_EURO>2359.88</ENTGELD_IN_EURO>
		<ZAHLUNGSMOEGLICHKEITEN>
			<DEUTSCHLANDINTERN>
				<BANK>Pax-Bank Köln</BANK>
				<BLZ>37060193</BLZ>
				<KONTONUMMER>80200601</KONTONUMMER>
			</DEUTSCHLANDINTERN>
		</ZAHLUNGSMOEGLICHKEITEN>
	</RECHNUNG>
	<RECHNUNG>
		<NAME_UND_ANSCHRIFT_LEISTENDER_UNTERNEHMER>
			<NAME>Peer Weidmann</NAME>
			<STRASSE>Kuerschnergasse 77</STRASSE>
			<ADRESSE>76131 Karlsgrube</ADRESSE>
		</NAME_UND_ANSCHRIFT_LEISTENDER_UNTERNEHMER>
		<NAME_UND_ANSCHRIFT_LEISTUNGSEMPFAENGER>
			<ANREDE>Herr</ANREDE>
			<NAME>Claudius Artemis</NAME>
			<STRASSE>Am Wolfsweiher 7</STRASSE>
			<ADRESSE>56741 Hirschhausen</ADRESSE>
		</NAME_UND_ANSCHRIFT_LEISTUNGSEMPFAENGER>
		<LEISTUNGEN>
			<LEISTUNG MEHRWERTSTEUER="19%">
				<NUMMER>1</NUMMER>
				<EINZELPREIS>3499</EINZELPREIS>
				<WAEHRUNG>EUR</WAEHRUNG>
				<HANDELSUEBLICHER_NAME>Vogelschnepper, um 1600</HANDELSUEBLICHER_NAME>
				<ANZAHL>1</ANZAHL>
				<GESAMTPREIS>3499</GESAMTPREIS>
			</LEISTUNG> 
			<LEISTUNG MEHRWERTSTEUER="19%">
				<NUMMER>2</NUMMER>
				<EINZELPREIS>0.49995</EINZELPREIS>
				<WAEHRUNG>EUR</WAEHRUNG>
				<HANDELSUEBLICHER_NAME>Schusser, um 1720</HANDELSUEBLICHER_NAME>
				<ANZAHL>200</ANZAHL>
				<GESAMTPREIS>99.99</GESAMTPREIS>
			</LEISTUNG>
		</LEISTUNGEN>
		<AUSSTELLUNGSDATUM>2017-08-09</AUSSTELLUNGSDATUM>
		<RECHNUNGSNUMMER>1</RECHNUNGSNUMMER>
		<ENTGELD_IN_EURO>3598.99</ENTGELD_IN_EURO>
		<ZAHLUNGSMOEGLICHKEITEN>
			<SONSTIGES>Bar bei Abholung</SONSTIGES>
		</ZAHLUNGSMOEGLICHKEITEN>
	</RECHNUNG>
</RECHNUNGEN>